complex,protein,substrate,total,CC,CO,CN,SC,polar,hydrophobic,dG_kcal_mol,distance_A,carbon_num
A15-new-ALDH7A1_10_4-guanidinobutyraldehyde,A15,4-guanidinobutyraldehyde,44,7,6,17,0,14,7,-5.28,27.676,
A15-new-ALDH7A1_11_prop-2-enal,A15,prop-2-enal,32,19,5,7,0,1,19,-5.62,8.37,
A15-new-ALDH7A1_12_prop-2-ynal,A15,prop-2-ynal,43,26,10,3,0,4,26,-5.91,10.3,
A15-new-ALDH7A1_13_(2E)-but-2-enal,A15,(2E)-but-2-enal,37,26,5,3,0,3,26,-6.02,9.362,
A15-new-ALDH7A1_14_trans-2-Hexenal,A15,trans-2-Hexenal,62,29,16,11,0,6,29,-6.37,23.138,
A15-new-ALDH7A1_15_heptanal,A15,heptanal,97,68,16,5,5,3,68,-6.92,5.885,7.0
A15-new-ALDH7A1_16_octanaldehyde,A15,octanaldehyde,120,90,17,5,4,4,90,-7.24,7.34,8.0
A15-new-ALDH7A1_17_nonanal,A15,nonanal,138,113,12,6,3,4,113,-7.17,5.98,9.0
A15-new-ALDH7A1_18_decanal,A15,decanal,142,117,11,8,4,2,117,-7.67,6.73,10.0
A15-new-ALDH7A1_19_dodecanal,A15,dodecanal,174,138,19,10,5,2,138,-8.14,5.448,12.0
A15-new-ALDH7A1_1_formaldehyde,A15,formaldehyde,34,14,13,2,1,4,14,-5.29,2.557,1.0
A15-new-ALDH7A1_20_Citral,A15,Citral,140,101,23,5,5,6,101,-7.46,1.936,
A15-new-ALDH7A1_22_trans-2-Octenal,A15,trans-2-Octenal,127,97,14,10,5,1,97,-6.52,7.198,
A15-new-ALDH7A1_23_4-Hydroxynonenal,A15,4-Hydroxynonenal,92,61,17,9,0,5,61,-5.8,12.51,
A15-new-ALDH7A1_23_4-Hydroxynonenal,A15,4-Hydroxynonenal,92,61,17,9,0,5,61,-5.8,12.903,
A15-new-ALDH7A1_24_Tetradecanal,A15,Tetradecanal,169,108,32,19,4,6,108,-8.39,2.058,14.0
A15-new-ALDH7A1_25_hexadecanal,A15,hexadecanal,185,129,29,17,5,5,129,-8.02,9.325,16.0
A15-new-ALDH7A1_26_trans-2-hexadecenal,A15,trans-2-hexadecenal,230,177,24,16,6,7,177,-8.38,7.562,
A15-new-ALDH7A1_27_Benzaldehyde,A15,Benzaldehyde,14,10,4,0,0,0,10,-6.87,38.972,
A15-new-ALDH7A1_28_Phenylacetaldehyde,A15,Phenylacetaldehyde,167,97,33,34,0,3,97,-6.36,27.26,
A15-new-ALDH7A1_29_Salicylaldehyde,A15,Salicylaldehyde,0,0,0,0,0,0,0,-6.72,,
A15-new-ALDH7A1_2_acetaldehyde,A15,acetaldehyde,79,29,33,6,0,11,29,-5.46,13.713,2.0
"A15-new-ALDH7A1_30_(E)-3-(3,4-Dihydroxyphenyl)prop-2-enal",A15,"(E)-3-(3,4-Dihydroxyphenyl)prop-2-enal",91,48,29,5,0,9,48,-6.86,19.24,
"A15-new-ALDH7A1_30_(E)-3-(3,4-Dihydroxyphenyl)prop-2-enal",A15,"(E)-3-(3,4-Dihydroxyphenyl)prop-2-enal",91,48,29,5,0,9,48,-6.86,19.014,
"A15-new-ALDH7A1_30_(E)-3-(3,4-Dihydroxyphenyl)prop-2-enal",A15,"(E)-3-(3,4-Dihydroxyphenyl)prop-2-enal",91,48,29,5,0,9,48,-6.86,25.264,
"A15-new-ALDH7A1_31_(2E,4E,6E,8E)-3,7-dimethyl-9-(2,6,6-trimethylcyclohexen-1-yl)nona-2,4,6,8-tetraenal",A15,"(2E,4E,6E,8E)-3,7-dimethyl-9-(2,6,6-trimethylcyclohexen-1-yl)nona-2,4,6,8-tetraenal",169,104,41,12,5,7,104,-8.94,2.055,
A15-new-ALDH7A1_32_9-cis-Retinal,A15,9-cis-Retinal,282,222,27,22,6,5,222,-9.11,7.853,
A15-new-ALDH7A1_33_11-cis-Retinol,A15,11-cis-Retinol,153,92,34,20,0,7,92,-9.2,18.814,
A15-new-ALDH7A1_34_4-hydroxy-2-nonenal,A15,4-hydroxy-2-nonenal,162,92,36,20,6,8,92,-6.87,4.301,
A15-new-ALDH7A1_34_4-hydroxy-2-nonenal,A15,4-hydroxy-2-nonenal,162,92,36,20,6,8,92,-6.87,7.298,
A15-new-ALDH7A1_35_Cinnamaldehyde,A15,Cinnamaldehyde,100,61,12,27,0,0,61,-7.16,32.233,
A15-new-ALDH7A1_36_3-(4-Isopropylphenyl)-2-methylpropanal,A15,3-(4-Isopropylphenyl)-2-methylpropanal,136,94,26,14,0,2,94,-6.87,13.928,
A15-new-ALDH7A1_37_thiobenzaldehyde,A15,thiobenzaldehyde,61,29,8,15,4,5,29,-6.71,30.284,
"A15-new-ALDH7A1_38_(2R)-2-[(2S,3R,4S)-3,4-Dihydroxy-5-oxo -tetrahydrofuran-2-yl]-2-hydroxy-acetaldehyde",A15,"(2R)-2-[(2S,3R,4S)-3,4-Dihydroxy-5-oxo -tetrahydrofuran-2-yl]-2-hydroxy-acetaldehyde",105,33,53,8,0,11,33,-6.17,10.008,
"A15-new-ALDH7A1_38_(2R)-2-[(2S,3R,4S)-3,4-Dihydroxy-5-oxo -tetrahydrofuran-2-yl]-2-hydroxy-acetaldehyde",A15,"(2R)-2-[(2S,3R,4S)-3,4-Dihydroxy-5-oxo -tetrahydrofuran-2-yl]-2-hydroxy-acetaldehyde",105,33,53,8,0,11,33,-6.17,8.716,
"A15-new-ALDH7A1_38_(2R)-2-[(2S,3R,4S)-3,4-Dihydroxy-5-oxo -tetrahydrofuran-2-yl]-2-hydroxy-acetaldehyde",A15,"(2R)-2-[(2S,3R,4S)-3,4-Dihydroxy-5-oxo -tetrahydrofuran-2-yl]-2-hydroxy-acetaldehyde",105,33,53,8,0,11,33,-6.17,12.401,
"A15-new-ALDH7A1_38_(2R)-2-[(2S,3R,4S)-3,4-Dihydroxy-5-oxo -tetrahydrofuran-2-yl]-2-hydroxy-acetaldehyde",A15,"(2R)-2-[(2S,3R,4S)-3,4-Dihydroxy-5-oxo -tetrahydrofuran-2-yl]-2-hydroxy-acetaldehyde",105,33,53,8,0,11,33,-6.17,12.684,
A15-new-ALDH7A1_39_4-nitrobenzaldehyde,A15,4-nitrobenzaldehyde,280,102,80,54,0,44,102,-6.37,13.832,
A15-new-ALDH7A1_3_propylaldehyde,A15,propylaldehyde,56,41,12,1,1,1,41,-5.94,4.083,3.0
A15-new-ALDH7A1_40_Furan-2-carbaldehyde,A15,Furan-2-carbaldehyde,113,33,51,3,0,20,33,-7.42,28.424,
A15-new-ALDH7A1_41_Indole-3-acetaldehyde,A15,Indole-3-acetaldehyde,0,0,0,0,0,0,0,-7.2,,
A15-new-ALDH7A1_42_Glutamate-5-semialdehyde,A15,Glutamate-5-semialdehyde,136,58,43,13,5,17,58,-6.26,3.359,
A15-new-ALDH7A1_43_Glutamate-1-semialdehyde,A15,Glutamate-1-semialdehyde,19,12,3,4,0,0,12,-5.95,42.645,
A15-new-ALDH7A1_44_glutarate semialdehyde,A15,glutarate semialdehyde,119,59,36,6,5,13,59,-6.49,2.196,
A15-new-ALDH7A1_45_adipate semialdehyde,A15,adipate semialdehyde,128,67,39,5,4,13,67,-6.58,1.867,
A15-new-ALDH7A1_46_Succinic semialdehyde,A15,Succinic semialdehyde,125,45,48,11,4,17,45,-6.09,2.044,
A15-new-ALDH7A1_47_methylmalonate semialdehyde,A15,methylmalonate semialdehyde,24,9,10,2,0,3,9,-5.53,17.777,
A15-new-ALDH7A1_48_alpha-aminoadipate semialdehyde,A15,alpha-aminoadipate semialdehyde,154,76,37,20,4,17,76,-6.24,6.12,
A15-new-ALDH7A1_49_2-Aminomuconic semialdehyde,A15,2-Aminomuconic semialdehyde,21,11,3,4,0,3,11,-6.34,18.254,
A15-new-ALDH7A1_4_malonaldehyde,A15,malonaldehyde,14,5,7,0,0,2,5,-5.74,22.279,
A15-new-ALDH7A1_4_malonaldehyde,A15,malonaldehyde,14,5,7,0,0,2,5,-5.74,19.882,
A15-new-ALDH7A1_50_10-formyltetrahydrofolate,A15,10-formyltetrahydrofolate,183,54,49,46,0,34,54,-7.92,15.544,
A15-new-ALDH7A1_50_10-formyltetrahydrofolate,A15,10-formyltetrahydrofolate,183,54,49,46,0,34,54,-7.92,10.595,
A15-new-ALDH7A1_50_10-formyltetrahydrofolate,A15,10-formyltetrahydrofolate,183,54,49,46,0,34,54,-7.92,14.169,
A15-new-ALDH7A1_51_6R-Tetrahydrofolic acid,A15,6R-Tetrahydrofolic acid,180,59,37,53,1,30,59,-6.55,16.785,
A15-new-ALDH7A1_51_6R-Tetrahydrofolic acid,A15,6R-Tetrahydrofolic acid,180,59,37,53,1,30,59,-6.55,14.83,
A15-new-ALDH7A1_52_Triose phosphate,A15,Triose phosphate,138,26,62,4,0,30,26,-5.79,7.929,
A15-new-ALDH7A1_52_Triose phosphate,A15,Triose phosphate,138,26,62,4,0,30,26,-5.79,9.43,
A15-new-ALDH7A1_52_Triose phosphate,A15,Triose phosphate,138,26,62,4,0,30,26,-5.79,9.966,
A15-new-ALDH7A1_53_Pyridoxal phosphate,A15,Pyridoxal phosphate,59,20,18,5,0,10,20,-6.55,13.829,
A15-new-ALDH7A1_53_Pyridoxal phosphate,A15,Pyridoxal phosphate,59,20,18,5,0,10,20,-6.55,17.181,
A15-new-ALDH7A1_53_Pyridoxal phosphate,A15,Pyridoxal phosphate,59,20,18,5,0,10,20,-6.55,15.401,
A15-new-ALDH7A1_55_Ethanol,A15,Ethanol,21,12,6,2,0,1,12,-5.66,10.671,
A15-new-ALDH7A1_56_S-hydroxy-methylglutathione,A15,S-hydroxy-methylglutathione,333,114,88,60,18,53,114,-7.25,4.093,
A15-new-ALDH7A1_56_S-hydroxy-methylglutathione,A15,S-hydroxy-methylglutathione,333,114,88,60,18,53,114,-7.25,2.415,
A15-new-ALDH7A1_56_S-hydroxy-methylglutathione,A15,S-hydroxy-methylglutathione,333,114,88,60,18,53,114,-7.25,3.556,
A15-new-ALDH7A1_57_S-3-oxopropylglutathione,A15,S-3-oxopropylglutathione,267,105,77,38,12,35,105,-7.64,9.984,
A15-new-ALDH7A1_57_S-3-oxopropylglutathione,A15,S-3-oxopropylglutathione,267,105,77,38,12,35,105,-7.64,9.856,
A15-new-ALDH7A1_57_S-3-oxopropylglutathione,A15,S-3-oxopropylglutathione,267,105,77,38,12,35,105,-7.64,3.85,
A15-new-ALDH7A1_58_S-(4-oxobutan-2-yl)glutathione,A15,S-(4-oxobutan-2-yl)glutathione,20,6,8,1,2,3,6,-7.23,18.164,
A15-new-ALDH7A1_58_S-(4-oxobutan-2-yl)glutathione,A15,S-(4-oxobutan-2-yl)glutathione,20,6,8,1,2,3,6,-7.23,17.142,
A15-new-ALDH7A1_58_S-(4-oxobutan-2-yl)glutathione,A15,S-(4-oxobutan-2-yl)glutathione,20,6,8,1,2,3,6,-7.23,17.295,
A15-new-ALDH7A1_59_4-Hydroxynonenal_glutathione,A15,4-Hydroxynonenal_glutathione,455,209,122,45,22,57,209,-8.95,5.871,
A15-new-ALDH7A1_59_4-Hydroxynonenal_glutathione,A15,4-Hydroxynonenal_glutathione,455,209,122,45,22,57,209,-8.95,3.105,
A15-new-ALDH7A1_5_butyraldehyde,A15,butyraldehyde,101,55,24,18,0,4,55,-6.25,16.311,4.0
A15-new-ALDH7A1_60_S-Formylglutathione,A15,S-Formylglutathione,242,89,78,30,14,31,89,-7.26,6.278,
A15-new-ALDH7A1_60_S-Formylglutathione,A15,S-Formylglutathione,242,89,78,30,14,31,89,-7.26,4.787,
A15-new-ALDH7A1_60_S-Formylglutathione,A15,S-Formylglutathione,242,89,78,30,14,31,89,-7.26,2.169,
A15-new-ALDH7A1_6_amylaldehyde,A15,amylaldehyde,60,46,11,1,0,2,46,-6.35,6.933,5.0
A15-new-ALDH7A1_7_glutaraldehyde,A15,glutaraldehyde,111,64,30,9,0,8,64,-6.69,10.124,
A15-new-ALDH7A1_7_glutaraldehyde,A15,glutaraldehyde,111,64,30,9,0,8,64,-6.69,14.076,
A15-new-ALDH7A1_8_hexanal,A15,hexanal,82,60,12,4,4,2,60,-6.73,5.547,6.0
A15-new-ALDH7A1_9_2-hydroxypropionaldehyde,A15,2-hydroxypropionaldehyde,13,5,3,1,3,1,5,-5.76,14.236,
A15-new-ALDH7A1_9_2-hydroxypropionaldehyde,A15,2-hydroxypropionaldehyde,13,5,3,1,3,1,5,-5.76,15.634,
A16_10_4-guanidinobutyraldehyde,A16,4-guanidinobutyraldehyde,98,24,24,28,0,22,24,-5.64,24.088,
A16_11_prop-2-enal,A16,prop-2-enal,14,9,1,3,1,0,9,-5.33,44.769,
A16_12_prop-2-ynal,A16,prop-2-ynal,47,27,11,6,0,3,27,-5.86,11.643,
A16_13_(2E)-but-2-enal,A16,(2E)-but-2-enal,80,48,14,6,4,8,48,-6.29,2.716,
A16_14_trans-2-Hexenal,A16,trans-2-Hexenal,68,32,21,6,0,9,32,-6.3,25.027,
A16_15_heptanal,A16,heptanal,93,62,18,8,0,5,62,-7.2,11.368,7.0
A16_16_octanaldehyde,A16,octanaldehyde,128,88,18,13,6,3,88,-7.41,3.995,8.0
A16_17_nonanal,A16,nonanal,141,90,27,14,8,2,90,-7.69,5.226,9.0
A16_18_decanal,A16,decanal,163,105,34,13,8,3,105,-7.68,6.285,10.0
A16_19_dodecanal,A16,dodecanal,208,159,24,10,12,3,159,-8.47,11.193,12.0
A16_1_formaldehyde,A16,formaldehyde,21,6,12,1,0,2,6,-5.27,25.253,1.0
A16_20_Citral,A16,Citral,160,105,33,15,1,6,105,-7.12,28.179,
A16_22_trans-2-Octenal,A16,trans-2-Octenal,131,84,23,9,7,8,84,-7.26,3.104,
A16_23_4-Hydroxynonenal,A16,4-Hydroxynonenal,175,102,39,12,8,14,102,-7.47,1.606,
A16_23_4-Hydroxynonenal,A16,4-Hydroxynonenal,175,102,39,12,8,14,102,-7.47,3.232,
A16_24_Tetradecanal,A16,Tetradecanal,225,174,18,16,13,4,174,-8.89,2.406,14.0
A16_25_hexadecanal,A16,hexadecanal,226,161,19,26,12,8,161,-9.12,2.048,16.0
A16_26_trans-2-hexadecenal,A16,trans-2-hexadecenal,255,185,35,17,14,4,185,-9.17,5.639,
A16_27_Benzaldehyde,A16,Benzaldehyde,56,37,7,10,0,2,37,-6.41,29.842,
A16_28_Phenylacetaldehyde,A16,Phenylacetaldehyde,107,68,23,14,0,2,68,-6.68,12.949,
A16_29_Salicylaldehyde,A16,Salicylaldehyde,92,33,37,9,0,13,33,-6.21,30.102,
A16_29_Salicylaldehyde,A16,Salicylaldehyde,92,33,37,9,0,13,33,-6.21,30.001,
A16_2_acetaldehyde,A16,acetaldehyde,41,21,13,2,2,3,21,-5.6,3.717,2.0
"A16_30_(E)-3-(3,4-Dihydroxyphenyl)prop-2-enal",A16,"(E)-3-(3,4-Dihydroxyphenyl)prop-2-enal",47,20,19,4,0,4,20,-5.96,28.089,
"A16_30_(E)-3-(3,4-Dihydroxyphenyl)prop-2-enal",A16,"(E)-3-(3,4-Dihydroxyphenyl)prop-2-enal",47,20,19,4,0,4,20,-5.96,27.907,
"A16_30_(E)-3-(3,4-Dihydroxyphenyl)prop-2-enal",A16,"(E)-3-(3,4-Dihydroxyphenyl)prop-2-enal",47,20,19,4,0,4,20,-5.96,30.997,
"A16_31_(2E,4E,6E,8E)-3,7-dimethyl-9-(2,6,6-trimethylcyclohexen-1-yl)nona-2,4,6,8-tetraenal",A16,"(2E,4E,6E,8E)-3,7-dimethyl-9-(2,6,6-trimethylcyclohexen-1-yl)nona-2,4,6,8-tetraenal",269,164,60,41,0,4,164,-9.51,21.737,
A16_32_9-cis-Retinal,A16,9-cis-Retinal,330,239,37,37,14,3,239,-10.27,3.245,
A16_33_11-cis-Retinol,A16,11-cis-Retinol,302,221,33,32,13,3,221,-10.37,8.365,
A16_34_4-hydroxy-2-nonenal,A16,4-hydroxy-2-nonenal,163,97,34,15,7,10,97,-7.44,2.81,
A16_34_4-hydroxy-2-nonenal,A16,4-hydroxy-2-nonenal,163,97,34,15,7,10,97,-7.44,6.086,
A16_35_Cinnamaldehyde,A16,Cinnamaldehyde,39,25,8,5,0,1,25,-6.25,35.179,
A16_36_3-(4-Isopropylphenyl)-2-methylpropanal,A16,3-(4-Isopropylphenyl)-2-methylpropanal,195,118,38,29,3,7,118,-8.12,3.594,
A16_37_thiobenzaldehyde,A16,thiobenzaldehyde,89,35,21,15,10,8,35,-6.18,25.154,
"A16_38_(2R)-2-[(2S,3R,4S)-3,4-Dihydroxy-5-oxo -tetrahydrofuran-2-yl]-2-hydroxy-acetaldehyde",A16,"(2R)-2-[(2S,3R,4S)-3,4-Dihydroxy-5-oxo -tetrahydrofuran-2-yl]-2-hydroxy-acetaldehyde",67,16,25,8,0,18,16,-6.07,26.688,
"A16_38_(2R)-2-[(2S,3R,4S)-3,4-Dihydroxy-5-oxo -tetrahydrofuran-2-yl]-2-hydroxy-acetaldehyde",A16,"(2R)-2-[(2S,3R,4S)-3,4-Dihydroxy-5-oxo -tetrahydrofuran-2-yl]-2-hydroxy-acetaldehyde",67,16,25,8,0,18,16,-6.07,27.926,
"A16_38_(2R)-2-[(2S,3R,4S)-3,4-Dihydroxy-5-oxo -tetrahydrofuran-2-yl]-2-hydroxy-acetaldehyde",A16,"(2R)-2-[(2S,3R,4S)-3,4-Dihydroxy-5-oxo -tetrahydrofuran-2-yl]-2-hydroxy-acetaldehyde",67,16,25,8,0,18,16,-6.07,26.646,
"A16_38_(2R)-2-[(2S,3R,4S)-3,4-Dihydroxy-5-oxo -tetrahydrofuran-2-yl]-2-hydroxy-acetaldehyde",A16,"(2R)-2-[(2S,3R,4S)-3,4-Dihydroxy-5-oxo -tetrahydrofuran-2-yl]-2-hydroxy-acetaldehyde",67,16,25,8,0,18,16,-6.07,27.6,
A16_39_4-nitrobenzaldehyde,A16,4-nitrobenzaldehyde,167,80,40,24,1,22,80,-6.02,8.311,
A16_3_propylaldehyde,A16,propylaldehyde,42,24,7,7,0,4,24,-5.83,10.527,3.0
A16_40_Furan-2-carbaldehyde,A16,Furan-2-carbaldehyde,229,79,78,30,0,33,79,-6.91,14.216,
A16_41_Indole-3-acetaldehyde,A16,Indole-3-acetaldehyde,61,41,12,7,0,1,41,-6.33,22.818,
A16_42_Glutamate-5-semialdehyde,A16,Glutamate-5-semialdehyde,131,59,39,14,4,15,59,-6.16,5.616,
A16_43_Glutamate-1-semialdehyde,A16,Glutamate-1-semialdehyde,130,55,41,15,5,14,55,-6.45,1.685,
A16_44_glutarate semialdehyde,A16,glutarate semialdehyde,133,61,43,8,3,18,61,-6.48,2.69,
A16_45_adipate semialdehyde,A16,adipate semialdehyde,130,65,41,9,5,10,65,-6.74,2.377,
A16_46_Succinic semialdehyde,A16,Succinic semialdehyde,112,51,39,6,3,13,51,-6.28,2.143,
A16_47_methylmalonate semialdehyde,A16,methylmalonate semialdehyde,98,34,36,15,2,11,34,-6.3,12.305,
A16_48_alpha-aminoadipate semialdehyde,A16,alpha-aminoadipate semialdehyde,147,65,44,23,6,9,65,-6.61,2.495,
A16_49_2-Aminomuconic semialdehyde,A16,2-Aminomuconic semialdehyde,114,53,34,13,0,14,53,-5.86,24.145,
A16_4_malonaldehyde,A16,malonaldehyde,59,20,24,5,0,10,20,-5.87,11.951,
A16_4_malonaldehyde,A16,malonaldehyde,59,20,24,5,0,10,20,-5.87,14.266,
A16_50_10-formyltetrahydrofolate,A16,10-formyltetrahydrofolate,300,82,86,72,0,60,82,-7.83,16.936,
A16_50_10-formyltetrahydrofolate,A16,10-formyltetrahydrofolate,300,82,86,72,0,60,82,-7.83,14.367,
A16_50_10-formyltetrahydrofolate,A16,10-formyltetrahydrofolate,300,82,86,72,0,60,82,-7.83,11.931,
A16_51_6R-Tetrahydrofolic acid,A16,6R-Tetrahydrofolic acid,277,91,76,62,0,48,91,,15.445,
A16_51_6R-Tetrahydrofolic acid,A16,6R-Tetrahydrofolic acid,277,91,76,62,0,48,91,,12.034,
A16_52_Triose phosphate,A16,Triose phosphate,152,24,65,8,3,34,24,-6.02,3.795,
A16_52_Triose phosphate,A16,Triose phosphate,152,24,65,8,3,34,24,-6.02,2.454,
A16_52_Triose phosphate,A16,Triose phosphate,152,24,65,8,3,34,24,-6.02,3.119,
A16_53_Pyridoxal phosphate,A16,Pyridoxal phosphate,180,60,57,21,0,33,60,-6.72,12.371,
A16_53_Pyridoxal phosphate,A16,Pyridoxal phosphate,180,60,57,21,0,33,60,-6.72,15.51,
A16_53_Pyridoxal phosphate,A16,Pyridoxal phosphate,180,60,57,21,0,33,60,-6.72,13.968,
A16_54_Methanol,A16,Methanol,30,13,11,2,1,3,13,-5.47,2.689,
A16_55_Ethanol,A16,Ethanol,32,10,11,6,0,5,10,-5.52,25.212,
A16_56_S-hydroxy-methylglutathione,A16,S-hydroxy-methylglutathione,348,114,112,48,20,54,114,-7.51,3.909,
A16_56_S-hydroxy-methylglutathione,A16,S-hydroxy-methylglutathione,348,114,112,48,20,54,114,-7.51,2.337,
A16_56_S-hydroxy-methylglutathione,A16,S-hydroxy-methylglutathione,348,114,112,48,20,54,114,-7.51,4.08,
A16_57_S-3-oxopropylglutathione,A16,S-3-oxopropylglutathione,383,146,108,52,22,55,146,-8.14,2.131,
A16_57_S-3-oxopropylglutathione,A16,S-3-oxopropylglutathione,383,146,108,52,22,55,146,-8.14,3.958,
A16_57_S-3-oxopropylglutathione,A16,S-3-oxopropylglutathione,383,146,108,52,22,55,146,-8.14,6.017,
A16_58_S-(4-oxobutan-2-yl)glutathione,A16,S-(4-oxobutan-2-yl)glutathione,232,80,60,41,7,44,80,-8.53,8.432,
A16_58_S-(4-oxobutan-2-yl)glutathione,A16,S-(4-oxobutan-2-yl)glutathione,232,80,60,41,7,44,80,-8.53,11.697,
A16_58_S-(4-oxobutan-2-yl)glutathione,A16,S-(4-oxobutan-2-yl)glutathione,232,80,60,41,7,44,80,-8.53,14.094,
A16_59_4-Hydroxynonenal_glutathione,A16,4-Hydroxynonenal_glutathione,330,129,96,45,8,52,129,-8.81,9.251,
A16_59_4-Hydroxynonenal_glutathione,A16,4-Hydroxynonenal_glutathione,330,129,96,45,8,52,129,-8.81,12.747,
A16_5_butyraldehyde,A16,butyraldehyde,81,52,15,6,3,5,52,-6.24,1.981,4.0
A16_60_S-Formylglutathione,A16,S-Formylglutathione,361,121,111,57,19,53,121,-7.37,4.457,
A16_60_S-Formylglutathione,A16,S-Formylglutathione,361,121,111,57,19,53,121,-7.37,7.322,
A16_60_S-Formylglutathione,A16,S-Formylglutathione,361,121,111,57,19,53,121,-7.37,8.335,
A16_6_amylaldehyde,A16,amylaldehyde,100,66,18,7,3,6,66,-6.53,2.284,5.0
A16_7_glutaraldehyde,A16,glutaraldehyde,101,54,24,11,2,10,54,-5.73,4.258,
A16_7_glutaraldehyde,A16,glutaraldehyde,101,54,24,11,2,10,54,-5.73,8.606,
A16_8_hexanal,A16,hexanal,119,81,18,8,4,8,81,-6.74,2.716,6.0
A16_9_2-hydroxypropionaldehyde,A16,2-hydroxypropionaldehyde,55,20,26,3,0,6,20,-6.07,16.492,
A16_9_2-hydroxypropionaldehyde,A16,2-hydroxypropionaldehyde,55,20,26,3,0,6,20,-6.07,15.198,
A17-new-ALDH9A1_10_4-guanidinobutyraldehyde,A17,4-guanidinobutyraldehyde,117,50,15,36,0,16,50,-5.41,18.065,
A17-new-ALDH9A1_11_prop-2-enal,A17,prop-2-enal,37,23,6,7,0,1,23,-5.7,22.488,
A17-new-ALDH9A1_12_prop-2-ynal,A17,prop-2-ynal,34,14,16,2,0,2,14,-5.94,27.823,
A17-new-ALDH9A1_13_(2E)-but-2-enal,A17,(2E)-but-2-enal,68,34,15,6,7,6,34,-6.1,2.095,
A17-new-ALDH9A1_14_trans-2-Hexenal,A17,trans-2-Hexenal,1,1,0,0,0,0,1,-6.45,31.556,
A17-new-ALDH9A1_15_heptanal,A17,heptanal,102,54,27,7,5,9,54,-6.8,2.314,7.0
A17-new-ALDH9A1_16_octanaldehyde,A17,octanaldehyde,109,58,31,7,5,8,58,-7.03,2.526,8.0
A17-new-ALDH9A1_17_nonanal,A17,nonanal,147,93,25,15,6,8,93,-7.29,2.323,9.0
A17-new-ALDH9A1_18_decanal,A17,decanal,126,72,31,9,5,9,72,-7.52,1.991,10.0
A17-new-ALDH9A1_19_dodecanal,A17,dodecanal,168,103,35,13,9,8,103,-7.75,3.509,12.0
A17-new-ALDH9A1_1_formaldehyde,A17,formaldehyde,18,2,9,3,0,4,2,-5.22,25.878,1.0
A17-new-ALDH9A1_20_Citral,A17,Citral,170,96,38,15,9,12,96,-7.31,4.192,
A17-new-ALDH9A1_22_trans-2-Octenal,A17,trans-2-Octenal,115,62,32,11,6,4,62,-6.96,3.044,
A17-new-ALDH9A1_23_4-Hydroxynonenal,A17,4-Hydroxynonenal,124,64,30,18,4,8,64,-7.31,6.909,
A17-new-ALDH9A1_23_4-Hydroxynonenal,A17,4-Hydroxynonenal,124,64,30,18,4,8,64,-7.31,9.89,
A17-new-ALDH9A1_24_Tetradecanal,A17,Tetradecanal,189,122,35,13,11,8,122,-8.09,3.642,14.0
A17-new-ALDH9A1_25_hexadecanal,A17,hexadecanal,176,110,41,13,6,6,110,-8.95,2.604,16.0
A17-new-ALDH9A1_26_trans-2-hexadecenal,A17,trans-2-hexadecenal,236,149,49,19,10,9,149,-8.96,4.007,
A17-new-ALDH9A1_27_Benzaldehyde,A17,Benzaldehyde,108,70,19,11,5,3,70,-5.86,16.98,
A17-new-ALDH9A1_28_Phenylacetaldehyde,A17,Phenylacetaldehyde,114,64,25,16,6,3,64,-6.32,5.924,
A17-new-ALDH9A1_29_Salicylaldehyde,A17,Salicylaldehyde,13,12,1,0,0,0,12,-6.42,32.086,
A17-new-ALDH9A1_29_Salicylaldehyde,A17,Salicylaldehyde,13,12,1,0,0,0,12,-6.42,29.816,
A17-new-ALDH9A1_2_acetaldehyde,A17,acetaldehyde,26,9,11,1,0,5,9,-5.57,10.479,2.0
"A17-new-ALDH9A1_30_(E)-3-(3,4-Dihydroxyphenyl)prop-2-enal",A17,"(E)-3-(3,4-Dihydroxyphenyl)prop-2-enal",88,42,35,4,0,7,42,-6.14,23.343,
"A17-new-ALDH9A1_30_(E)-3-(3,4-Dihydroxyphenyl)prop-2-enal",A17,"(E)-3-(3,4-Dihydroxyphenyl)prop-2-enal",88,42,35,4,0,7,42,-6.14,22.279,
"A17-new-ALDH9A1_30_(E)-3-(3,4-Dihydroxyphenyl)prop-2-enal",A17,"(E)-3-(3,4-Dihydroxyphenyl)prop-2-enal",88,42,35,4,0,7,42,-6.14,23.168,
"A17-new-ALDH9A1_31_(2E,4E,6E,8E)-3,7-dimethyl-9-(2,6,6-trimethylcyclohexen-1-yl)nona-2,4,6,8-tetraenal",A17,"(2E,4E,6E,8E)-3,7-dimethyl-9-(2,6,6-trimethylcyclohexen-1-yl)nona-2,4,6,8-tetraenal",208,121,51,18,10,8,121,-9.91,3.034,
A17-new-ALDH9A1_32_9-cis-Retinal,A17,9-cis-Retinal,173,105,40,15,7,6,105,-9.74,3.046,
A17-new-ALDH9A1_33_11-cis-Retinol,A17,11-cis-Retinol,225,149,48,12,13,3,149,-9.05,13.912,
A17-new-ALDH9A1_34_4-hydroxy-2-nonenal,A17,4-hydroxy-2-nonenal,118,61,27,14,6,10,61,-7.29,3.652,
A17-new-ALDH9A1_34_4-hydroxy-2-nonenal,A17,4-hydroxy-2-nonenal,118,61,27,14,6,10,61,-7.29,7.308,
A17-new-ALDH9A1_35_Cinnamaldehyde,A17,Cinnamaldehyde,160,110,26,22,0,2,110,-6.48,12.269,
A17-new-ALDH9A1_36_3-(4-Isopropylphenyl)-2-methylpropanal,A17,3-(4-Isopropylphenyl)-2-methylpropanal,162,102,26,15,11,8,102,-8.37,4.294,
A17-new-ALDH9A1_37_thiobenzaldehyde,A17,thiobenzaldehyde,192,134,22,7,20,9,134,-6.08,18.716,
"A17-new-ALDH9A1_38_(2R)-2-[(2S,3R,4S)-3,4-Dihydroxy-5-oxo -tetrahydrofuran-2-yl]-2-hydroxy-acetaldehyde",A17,"(2R)-2-[(2S,3R,4S)-3,4-Dihydroxy-5-oxo -tetrahydrofuran-2-yl]-2-hydroxy-acetaldehyde",76,15,31,9,0,21,15,-6.17,26.344,
"A17-new-ALDH9A1_38_(2R)-2-[(2S,3R,4S)-3,4-Dihydroxy-5-oxo -tetrahydrofuran-2-yl]-2-hydroxy-acetaldehyde",A17,"(2R)-2-[(2S,3R,4S)-3,4-Dihydroxy-5-oxo -tetrahydrofuran-2-yl]-2-hydroxy-acetaldehyde",76,15,31,9,0,21,15,-6.17,24.907,
"A17-new-ALDH9A1_38_(2R)-2-[(2S,3R,4S)-3,4-Dihydroxy-5-oxo -tetrahydrofuran-2-yl]-2-hydroxy-acetaldehyde",A17,"(2R)-2-[(2S,3R,4S)-3,4-Dihydroxy-5-oxo -tetrahydrofuran-2-yl]-2-hydroxy-acetaldehyde",76,15,31,9,0,21,15,-6.17,27.623,
"A17-new-ALDH9A1_38_(2R)-2-[(2S,3R,4S)-3,4-Dihydroxy-5-oxo -tetrahydrofuran-2-yl]-2-hydroxy-acetaldehyde",A17,"(2R)-2-[(2S,3R,4S)-3,4-Dihydroxy-5-oxo -tetrahydrofuran-2-yl]-2-hydroxy-acetaldehyde",76,15,31,9,0,21,15,-6.17,27.845,
A17-new-ALDH9A1_39_4-nitrobenzaldehyde,A17,4-nitrobenzaldehyde,53,13,22,8,0,10,13,-5.85,18.109,
A17-new-ALDH9A1_3_propylaldehyde,A17,propylaldehyde,40,24,8,1,6,1,24,-5.91,2.798,3.0
A17-new-ALDH9A1_40_Furan-2-carbaldehyde,A17,Furan-2-carbaldehyde,199,85,50,24,4,22,85,-7.11,19.245,
A17-new-ALDH9A1_41_Indole-3-acetaldehyde,A17,Indole-3-acetaldehyde,175,102,26,32,6,9,102,-6.58,16.925,
A17-new-ALDH9A1_42_Glutamate-5-semialdehyde,A17,Glutamate-5-semialdehyde,109,35,31,14,7,22,35,-6.33,2.759,
A17-new-ALDH9A1_43_Glutamate-1-semialdehyde,A17,Glutamate-1-semialdehyde,112,39,34,11,9,19,39,-5.4,4.556,
A17-new-ALDH9A1_44_glutarate semialdehyde,A17,glutarate semialdehyde,90,35,24,5,7,19,35,-6.43,5.7,
A17-new-ALDH9A1_45_adipate semialdehyde,A17,adipate semialdehyde,101,45,32,5,6,13,45,-6.56,2.057,
A17-new-ALDH9A1_46_Succinic semialdehyde,A17,Succinic semialdehyde,104,38,42,5,6,13,38,-6.09,3.818,
A17-new-ALDH9A1_47_methylmalonate semialdehyde,A17,methylmalonate semialdehyde,135,55,54,13,0,13,55,-6.16,17.664,
A17-new-ALDH9A1_48_alpha-aminoadipate semialdehyde,A17,alpha-aminoadipate semialdehyde,104,39,18,28,0,19,39,-6.61,12.081,
A17-new-ALDH9A1_49_2-Aminomuconic semialdehyde,A17,2-Aminomuconic semialdehyde,60,22,17,11,0,10,22,-5.78,17.099,
A17-new-ALDH9A1_4_malonaldehyde,A17,malonaldehyde,14,2,4,4,0,4,2,-5.66,30.459,
A17-new-ALDH9A1_4_malonaldehyde,A17,malonaldehyde,14,2,4,4,0,4,2,-5.66,30.665,
A17-new-ALDH9A1_50_10-formyltetrahydrofolate,A17,10-formyltetrahydrofolate,0,0,0,0,0,0,0,,,
A17-new-ALDH9A1_51_6R-Tetrahydrofolic acid,A17,6R-Tetrahydrofolic acid,313,109,84,67,5,48,109,-7.83,15.668,
A17-new-ALDH9A1_51_6R-Tetrahydrofolic acid,A17,6R-Tetrahydrofolic acid,313,109,84,67,5,48,109,-7.83,5.841,
A17-new-ALDH9A1_52_Triose phosphate,A17,Triose phosphate,73,14,31,2,0,19,14,-5.69,12.693,
A17-new-ALDH9A1_52_Triose phosphate,A17,Triose phosphate,73,14,31,2,0,19,14,-5.69,13.968,
A17-new-ALDH9A1_52_Triose phosphate,A17,Triose phosphate,73,14,31,2,0,19,14,-5.69,15.042,
A17-new-ALDH9A1_53_Pyridoxal phosphate,A17,Pyridoxal phosphate,165,52,46,29,0,30,52,-6.55,12.845,
A17-new-ALDH9A1_53_Pyridoxal phosphate,A17,Pyridoxal phosphate,165,52,46,29,0,30,52,-6.55,15.466,
A17-new-ALDH9A1_53_Pyridoxal phosphate,A17,Pyridoxal phosphate,165,52,46,29,0,30,52,-6.55,15.719,
A17-new-ALDH9A1_55_Ethanol,A17,Ethanol,29,12,10,3,0,4,12,-5.7,19.067,
A17-new-ALDH9A1_56_S-hydroxy-methylglutathione,A17,S-hydroxy-methylglutathione,346,118,115,42,8,63,118,-7.8,5.792,
A17-new-ALDH9A1_56_S-hydroxy-methylglutathione,A17,S-hydroxy-methylglutathione,346,118,115,42,8,63,118,-7.8,7.683,
A17-new-ALDH9A1_56_S-hydroxy-methylglutathione,A17,S-hydroxy-methylglutathione,346,118,115,42,8,63,118,-7.8,5.017,
A17-new-ALDH9A1_57_S-3-oxopropylglutathione,A17,S-3-oxopropylglutathione,326,119,101,44,13,49,119,-7.97,6.937,
A17-new-ALDH9A1_57_S-3-oxopropylglutathione,A17,S-3-oxopropylglutathione,326,119,101,44,13,49,119,-7.97,7.693,
A17-new-ALDH9A1_57_S-3-oxopropylglutathione,A17,S-3-oxopropylglutathione,326,119,101,44,13,49,119,-7.97,3.034,
A17-new-ALDH9A1_58_S-(4-oxobutan-2-yl)glutathione,A17,S-(4-oxobutan-2-yl)glutathione,348,125,98,48,19,58,125,-8.23,3.313,
A17-new-ALDH9A1_58_S-(4-oxobutan-2-yl)glutathione,A17,S-(4-oxobutan-2-yl)glutathione,348,125,98,48,19,58,125,-8.23,3.926,
A17-new-ALDH9A1_58_S-(4-oxobutan-2-yl)glutathione,A17,S-(4-oxobutan-2-yl)glutathione,348,125,98,48,19,58,125,-8.23,3.666,
A17-new-ALDH9A1_59_4-Hydroxynonenal_glutathione,A17,4-Hydroxynonenal_glutathione,385,161,99,53,16,56,161,-9.53,6.472,
A17-new-ALDH9A1_59_4-Hydroxynonenal_glutathione,A17,4-Hydroxynonenal_glutathione,385,161,99,53,16,56,161,-9.53,10.144,
A17-new-ALDH9A1_5_butyraldehyde,A17,butyraldehyde,58,27,14,4,7,6,27,-6.17,2.669,4.0
A17-new-ALDH9A1_60_S-Formylglutathione,A17,S-Formylglutathione,349,129,96,66,12,46,129,-7.12,9.167,
A17-new-ALDH9A1_60_S-Formylglutathione,A17,S-Formylglutathione,349,129,96,66,12,46,129,-7.12,8.694,
A17-new-ALDH9A1_60_S-Formylglutathione,A17,S-Formylglutathione,349,129,96,66,12,46,129,-7.12,4.171,
A17-new-ALDH9A1_6_amylaldehyde,A17,amylaldehyde,84,45,21,4,6,8,45,-6.26,3.4,5.0
A17-new-ALDH9A1_7_glutaraldehyde,A17,glutaraldehyde,142,69,37,21,0,15,69,-6.4,13.109,
A17-new-ALDH9A1_7_glutaraldehyde,A17,glutaraldehyde,142,69,37,21,0,15,69,-6.4,11.747,
A17-new-ALDH9A1_8_hexanal,A17,hexanal,103,61,20,8,6,8,61,-6.6,2.02,6.0
A17-new-ALDH9A1_9_2-hydroxypropionaldehyde,A17,2-hydroxypropionaldehyde,57,25,20,5,0,7,25,-5.91,13.102,
A17-new-ALDH9A1_9_2-hydroxypropionaldehyde,A17,2-hydroxypropionaldehyde,57,25,20,5,0,7,25,-5.91,12.428,
A18_10_4-guanidinobutyraldehyde,A18,4-guanidinobutyraldehyde,105,23,17,35,1,29,23,-4.68,,
A18_11_prop-2-enal,A18,prop-2-enal,13,10,1,2,0,0,10,-5.45,,
A18_12_prop-2-ynal,A18,prop-2-ynal,64,26,19,9,3,7,26,-6.03,,
A18_13_(2E)-but-2-enal,A18,(2E)-but-2-enal,65,22,23,9,3,8,22,-5.91,,
A18_14_trans-2-Hexenal,A18,trans-2-Hexenal,52,23,19,4,0,6,23,-6.8,,
A18_15_heptanal,A18,heptanal,88,39,27,11,4,7,39,-6.95,,7.0
A18_16_octanaldehyde,A18,octanaldehyde,64,24,27,7,2,4,24,-7.42,,8.0
A18_17_nonanal,A18,nonanal,76,32,23,12,3,6,32,-7.56,,9.0
A18_18_decanal,A18,decanal,96,47,27,11,5,6,47,-7.58,,10.0
A18_19_dodecanal,A18,dodecanal,120,55,40,16,2,7,55,-8.53,,12.0
A18_1_formaldehyde,A18,formaldehyde,16,3,5,2,1,5,3,-5.44,,1.0
A18_20_Citral,A18,Citral,121,54,33,27,1,6,54,-8.12,,
A18_22_trans-2-Octenal,A18,trans-2-Octenal,103,35,29,27,3,9,35,-7.49,,
A18_23_4-Hydroxynonenal,A18,4-Hydroxynonenal,102,40,35,12,5,10,40,-7.24,,
A18_24_Tetradecanal,A18,Tetradecanal,148,72,46,19,3,8,72,-8.95,,14.0
A18_25_hexadecanal,A18,hexadecanal,162,88,45,21,1,7,88,-9.92,,16.0
A18_26_trans-2-hexadecenal,A18,trans-2-hexadecenal,172,69,65,28,3,7,69,-9.72,,
A18_27_Benzaldehyde,A18,Benzaldehyde,62,31,16,8,2,5,31,-7.39,,
A18_28_Phenylacetaldehyde,A18,Phenylacetaldehyde,74,28,36,3,2,5,28,-6.97,,
A18_29_Salicylaldehyde,A18,Salicylaldehyde,93,43,20,20,0,10,43,-6.8,,
A18_2_acetaldehyde,A18,acetaldehyde,34,15,11,5,2,1,15,-5.62,,2.0
"A18_31_(2E,4E,6E,8E)-3,7-dimethyl-9-(2,6,6-trimethylcyclohexen-1-yl)nona-2,4,6,8-tetraenal",A18,"(2E,4E,6E,8E)-3,7-dimethyl-9-(2,6,6-trimethylcyclohexen-1-yl)nona-2,4,6,8-tetraenal",205,122,51,30,0,2,122,-10.54,,
A18_32_9-cis-Retinal,A18,9-cis-Retinal,199,101,54,31,4,9,101,-10.68,,
A18_33_11-cis-Retinol,A18,11-cis-Retinol,185,87,59,28,4,7,87,-10.5,,
A18_34_4-hydroxy-2-nonenal,A18,4-hydroxy-2-nonenal,122,46,33,26,5,12,46,-7.57,,
A18_35_Cinnamaldehyde,A18,Cinnamaldehyde,89,47,24,17,0,1,47,-7.93,,
A18_36_3-(4-Isopropylphenyl)-2-methylpropanal,A18,3-(4-Isopropylphenyl)-2-methylpropanal,170,104,36,22,0,8,104,-8.74,,
A18_37_thiobenzaldehyde,A18,thiobenzaldehyde,99,51,23,9,10,6,51,-6.83,,
"A18_38_(2R)-2-[(2S,3R,4S)-3,4-Dihydroxy-5-oxo -tetrahydrofuran-2-yl]-2-hydroxy-acetaldehyde",A18,"(2R)-2-[(2S,3R,4S)-3,4-Dihydroxy-5-oxo -tetrahydrofuran-2-yl]-2-hydroxy-acetaldehyde",76,27,26,10,0,13,27,-5.73,,
A18_39_4-nitrobenzaldehyde,A18,4-nitrobenzaldehyde,120,23,41,22,5,29,23,-6.73,,
A18_3_propylaldehyde,A18,propylaldehyde,33,13,9,7,0,4,13,-5.81,,3.0
A18_40_Furan-2-carbaldehyde,A18,Furan-2-carbaldehyde,191,58,56,32,2,28,58,-8.58,,
A18_41_Indole-3-acetaldehyde,A18,Indole-3-acetaldehyde,116,56,24,26,3,7,56,-7.17,,
A18_42_Glutamate-5-semialdehyde,A18,Glutamate-5-semialdehyde,59,13,16,13,4,13,13,-6.13,,
A18_43_Glutamate-1-semialdehyde,A18,Glutamate-1-semialdehyde,95,25,41,6,2,21,25,-6.13,,
A18_44_glutarate semialdehyde,A18,glutarate semialdehyde,76,18,30,6,3,19,18,-6.49,,
A18_45_adipate semialdehyde,A18,adipate semialdehyde,88,25,32,10,3,18,25,-6.72,,
A18_46_Succinic semialdehyde,A18,Succinic semialdehyde,78,23,25,8,4,18,23,-6.25,,
A18_47_methylmalonate semialdehyde,A18,methylmalonate semialdehyde,56,17,18,8,0,13,17,-5.98,,
A18_48_alpha-aminoadipate semialdehyde,A18,alpha-aminoadipate semialdehyde,96,28,31,13,6,18,28,-6.21,,
A18_49_2-Aminomuconic semialdehyde,A18,2-Aminomuconic semialdehyde,86,28,26,14,3,15,28,-6.02,,
A18_4_malonaldehyde,A18,malonaldehyde,89,27,41,6,0,15,27,-6.12,,
A18_52_Triose phosphate,A18,Triose phosphate,122,13,50,4,3,37,13,-6.22,,
A18_53_Pyridoxal phosphate,A18,Pyridoxal phosphate,163,41,53,24,5,35,41,-7.25,,
A18_55_Ethanol,A18,Ethanol,8,6,2,0,0,0,6,-5.37,,
A18_56_S-hydroxy-methylglutathione,A18,S-hydroxy-methylglutathione,316,67,99,54,11,85,67,-6.73,,
A18_57_S-3-oxopropylglutathione,A18,S-3-oxopropylglutathione,264,60,79,41,14,70,60,-7.4,,
A18_58_S-(4-oxobutan-2-yl)glutathione,A18,S-(4-oxobutan-2-yl)glutathione,256,64,90,32,7,63,64,-7.69,,
A18_59_4-Hydroxynonenal_glutathione,A18,4-Hydroxynonenal_glutathione,268,71,91,35,8,63,71,-8.98,,
A18_5_butyraldehyde,A18,butyraldehyde,55,28,12,9,1,5,28,-6.21,,4.0
A18_60_S-Formylglutathione,A18,S-Formylglutathione,268,50,83,50,8,77,50,-6.74,,
A18_6_amylaldehyde,A18,amylaldehyde,47,18,15,10,2,2,18,-6.63,,5.0
A18_7_glutaraldehyde,A18,glutaraldehyde,79,23,27,11,4,14,23,-6.53,,
A18_8_hexanal,A18,hexanal,68,25,22,9,6,6,25,-6.77,,6.0
A18_9_2-hydroxypropionaldehyde,A18,2-hydroxypropionaldehyde,100,34,35,16,0,15,34,-6.04,,
A19_10_4-guanidinobutyraldehyde,A19,4-guanidinobutyraldehyde,81,26,17,18,1,19,26,-5.21,58.158,
A19_11_prop-2-enal,A19,prop-2-enal,50,19,12,13,0,6,19,-5.92,53.498,
A19_12_prop-2-ynal,A19,prop-2-ynal,65,32,17,10,0,6,32,-5.84,31.568,
A19_13_(2E)-but-2-enal,A19,(2E)-but-2-enal,29,20,7,2,0,0,20,-5.98,23.338,
A19_14_trans-2-Hexenal,A19,trans-2-Hexenal,54,22,19,3,5,5,22,-6.55,59.002,
A19_15_heptanal,A19,heptanal,66,29,21,6,3,7,29,-6.63,57.855,7.0
A19_16_octanaldehyde,A19,octanaldehyde,69,33,22,13,0,1,33,-6.54,32.79,8.0
A19_17_nonanal,A19,nonanal,71,45,17,7,0,2,45,-7.09,57.23,9.0
A19_19_dodecanal,A19,dodecanal,82,43,23,7,2,7,43,-7.19,57.25,12.0
A19_1_formaldehyde,A19,formaldehyde,25,8,10,2,0,5,8,-5.32,39.56,1.0
A19_20_Citral,A19,Citral,80,38,19,7,6,10,38,,57.775,
A19_22_trans-2-Octenal,A19,trans-2-Octenal,84,43,24,11,0,6,43,-6.51,22.39,
A19_23_4-Hydroxynonenal,A19,4-Hydroxynonenal,72,23,26,12,0,11,23,-6.41,37.265,
A19_23_4-Hydroxynonenal,A19,4-Hydroxynonenal,72,23,26,12,0,11,23,-6.41,39.9,
A19_24_Tetradecanal,A19,Tetradecanal,86,51,31,2,0,2,51,,21.66,14.0
A19_25_hexadecanal,A19,hexadecanal,124,63,30,16,9,6,63,-8.27,57.955,16.0
A19_26_trans-2-hexadecenal,A19,trans-2-hexadecenal,81,61,14,3,2,1,61,-7.23,60.359,
A19_27_Benzaldehyde,A19,Benzaldehyde,43,21,17,3,0,2,21,-6.02,29.085,
A19_28_Phenylacetaldehyde,A19,Phenylacetaldehyde,33,23,2,7,0,1,23,-6.46,32.653,
A19_29_Salicylaldehyde,A19,Salicylaldehyde,137,57,39,24,0,17,57,-7.25,6.062,
A19_29_Salicylaldehyde,A19,Salicylaldehyde,137,57,39,24,0,17,57,-7.25,5.489,
A19_2_acetaldehyde,A19,acetaldehyde,17,7,7,2,0,1,7,-5.39,72.479,2.0
"A19_30_(E)-3-(3,4-Dihydroxyphenyl)prop-2-enal",A19,"(E)-3-(3,4-Dihydroxyphenyl)prop-2-enal",31,18,6,3,0,4,18,-5.89,39.23,
"A19_30_(E)-3-(3,4-Dihydroxyphenyl)prop-2-enal",A19,"(E)-3-(3,4-Dihydroxyphenyl)prop-2-enal",31,18,6,3,0,4,18,-5.89,37.94,
"A19_30_(E)-3-(3,4-Dihydroxyphenyl)prop-2-enal",A19,"(E)-3-(3,4-Dihydroxyphenyl)prop-2-enal",31,18,6,3,0,4,18,-5.89,41.137,
"A19_31_(2E,4E,6E,8E)-3,7-dimethyl-9-(2,6,6-trimethylcyclohexen-1-yl)nona-2,4,6,8-tetraenal",A19,"(2E,4E,6E,8E)-3,7-dimethyl-9-(2,6,6-trimethylcyclohexen-1-yl)nona-2,4,6,8-tetraenal",132,75,16,38,0,3,75,,6.595,
A19_32_9-cis-Retinal,A19,9-cis-Retinal,81,55,15,9,0,2,55,-7.61,25.726,
A19_33_11-cis-Retinol,A19,11-cis-Retinol,123,73,35,13,1,1,73,-8.92,20.109,
A19_34_4-hydroxy-2-nonenal,A19,4-hydroxy-2-nonenal,49,30,16,0,0,3,30,-5.58,45.789,
A19_34_4-hydroxy-2-nonenal,A19,4-hydroxy-2-nonenal,49,30,16,0,0,3,30,-5.58,44.401,
A19_35_Cinnamaldehyde,A19,Cinnamaldehyde,123,66,40,9,4,4,66,-7.35,58.291,
A19_36_3-(4-Isopropylphenyl)-2-methylpropanal,A19,3-(4-Isopropylphenyl)-2-methylpropanal,29,16,6,0,7,0,16,-5.81,67.445,
A19_37_thiobenzaldehyde,A19,thiobenzaldehyde,58,40,12,2,3,1,40,-6.27,35.468,
"A19_38_(2R)-2-[(2S,3R,4S)-3,4-Dihydroxy-5-oxo -tetrahydrofuran-2-yl]-2-hydroxy-acetaldehyde",A19,"(2R)-2-[(2S,3R,4S)-3,4-Dihydroxy-5-oxo -tetrahydrofuran-2-yl]-2-hydroxy-acetaldehyde",75,26,31,4,0,14,26,-5.91,21.045,
"A19_38_(2R)-2-[(2S,3R,4S)-3,4-Dihydroxy-5-oxo -tetrahydrofuran-2-yl]-2-hydroxy-acetaldehyde",A19,"(2R)-2-[(2S,3R,4S)-3,4-Dihydroxy-5-oxo -tetrahydrofuran-2-yl]-2-hydroxy-acetaldehyde",75,26,31,4,0,14,26,-5.91,21.707,
"A19_38_(2R)-2-[(2S,3R,4S)-3,4-Dihydroxy-5-oxo -tetrahydrofuran-2-yl]-2-hydroxy-acetaldehyde",A19,"(2R)-2-[(2S,3R,4S)-3,4-Dihydroxy-5-oxo -tetrahydrofuran-2-yl]-2-hydroxy-acetaldehyde",75,26,31,4,0,14,26,-5.91,20.018,
"A19_38_(2R)-2-[(2S,3R,4S)-3,4-Dihydroxy-5-oxo -tetrahydrofuran-2-yl]-2-hydroxy-acetaldehyde",A19,"(2R)-2-[(2S,3R,4S)-3,4-Dihydroxy-5-oxo -tetrahydrofuran-2-yl]-2-hydroxy-acetaldehyde",75,26,31,4,0,14,26,-5.91,18.885,
A19_39_4-nitrobenzaldehyde,A19,4-nitrobenzaldehyde,46,26,14,4,0,2,26,-6.14,30.709,
A19_3_propylaldehyde,A19,propylaldehyde,14,13,1,0,0,0,13,-5.95,29.644,3.0
A19_40_Furan-2-carbaldehyde,A19,Furan-2-carbaldehyde,135,72,28,13,0,7,72,-5.46,25.809,
A19_41_Indole-3-acetaldehyde,A19,Indole-3-acetaldehyde,89,50,23,9,0,7,50,-6.77,21.678,
A19_42_Glutamate-5-semialdehyde,A19,Glutamate-5-semialdehyde,57,17,14,13,0,13,17,-5.56,15.649,
A19_43_Glutamate-1-semialdehyde,A19,Glutamate-1-semialdehyde,33,6,6,13,0,8,6,-5.7,29.468,
A19_44_glutarate semialdehyde,A19,glutarate semialdehyde,106,28,44,10,2,22,28,-6.39,57.425,
A19_45_adipate semialdehyde,A19,adipate semialdehyde,29,9,11,0,4,5,9,-5.47,65.982,
A19_46_Succinic semialdehyde,A19,Succinic semialdehyde,40,14,15,4,0,7,14,-5.65,30.014,
A19_47_methylmalonate semialdehyde,A19,methylmalonate semialdehyde,41,16,18,3,0,4,16,-5.77,22.038,
A19_48_alpha-aminoadipate semialdehyde,A19,alpha-aminoadipate semialdehyde,35,9,10,9,0,7,9,-5.52,27.887,
A19_49_2-Aminomuconic semialdehyde,A19,2-Aminomuconic semialdehyde,122,40,41,22,0,19,40,-6.22,33.333,
A19_4_malonaldehyde,A19,malonaldehyde,47,19,19,1,0,8,19,-5.35,22.305,
A19_4_malonaldehyde,A19,malonaldehyde,47,19,19,1,0,8,19,-5.35,21.882,
A19_50_10-formyltetrahydrofolate,A19,10-formyltetrahydrofolate,134,30,39,27,0,38,30,-5.47,16.005,
A19_50_10-formyltetrahydrofolate,A19,10-formyltetrahydrofolate,134,30,39,27,0,38,30,-5.47,13.806,
A19_50_10-formyltetrahydrofolate,A19,10-formyltetrahydrofolate,134,30,39,27,0,38,30,-5.47,19.933,
A19_51_6R-Tetrahydrofolic acid,A19,6R-Tetrahydrofolic acid,76,44,12,10,4,6,44,-6.31,51.397,
A19_51_6R-Tetrahydrofolic acid,A19,6R-Tetrahydrofolic acid,76,44,12,10,4,6,44,-6.31,60.775,
A19_52_Triose phosphate,A19,Triose phosphate,63,3,25,0,2,26,3,-6.3,4.955,
A19_52_Triose phosphate,A19,Triose phosphate,63,3,25,0,2,26,3,-6.3,5.072,
A19_52_Triose phosphate,A19,Triose phosphate,63,3,25,0,2,26,3,-6.3,4.127,
A19_53_Pyridoxal phosphate,A19,Pyridoxal phosphate,155,56,47,21,4,24,56,-6.8,15.34,
A19_53_Pyridoxal phosphate,A19,Pyridoxal phosphate,155,56,47,21,4,24,56,-6.8,12.4,
A19_53_Pyridoxal phosphate,A19,Pyridoxal phosphate,155,56,47,21,4,24,56,-6.8,14.058,
A19_54_Methanol,A19,Methanol,39,12,16,3,0,8,12,-5.44,59.005,
A19_56_S-hydroxy-methylglutathione,A19,S-hydroxy-methylglutathione,109,30,42,12,1,24,30,-6.07,28.996,
A19_56_S-hydroxy-methylglutathione,A19,S-hydroxy-methylglutathione,109,30,42,12,1,24,30,-6.07,25.529,
A19_56_S-hydroxy-methylglutathione,A19,S-hydroxy-methylglutathione,109,30,42,12,1,24,30,-6.07,25.128,
A19_57_S-3-oxopropylglutathione,A19,S-3-oxopropylglutathione,139,35,50,18,7,29,35,-6.56,22.762,
A19_57_S-3-oxopropylglutathione,A19,S-3-oxopropylglutathione,139,35,50,18,7,29,35,-6.56,20.274,
A19_57_S-3-oxopropylglutathione,A19,S-3-oxopropylglutathione,139,35,50,18,7,29,35,-6.56,22.255,
A19_58_S-(4-oxobutan-2-yl)glutathione,A19,S-(4-oxobutan-2-yl)glutathione,322,90,99,52,10,71,90,-7.46,57.764,
A19_58_S-(4-oxobutan-2-yl)glutathione,A19,S-(4-oxobutan-2-yl)glutathione,322,90,99,52,10,71,90,-7.46,59.559,
A19_58_S-(4-oxobutan-2-yl)glutathione,A19,S-(4-oxobutan-2-yl)glutathione,322,90,99,52,10,71,90,-7.46,64.011,
A19_59_4-Hydroxynonenal_glutathione,A19,4-Hydroxynonenal_glutathione,143,49,51,17,4,22,49,-7.33,64.095,
A19_59_4-Hydroxynonenal_glutathione,A19,4-Hydroxynonenal_glutathione,143,49,51,17,4,22,49,-7.33,64.632,
A19_5_butyraldehyde,A19,butyraldehyde,30,16,4,7,0,3,16,-5.78,33.062,4.0
A19_60_S-Formylglutathione,A19,S-Formylglutathione,94,30,29,14,5,16,30,-6.34,63.795,
A19_60_S-Formylglutathione,A19,S-Formylglutathione,94,30,29,14,5,16,30,-6.34,64.792,
A19_60_S-Formylglutathione,A19,S-Formylglutathione,94,30,29,14,5,16,30,-6.34,65.714,
A19_6_amylaldehyde,A19,amylaldehyde,31,15,14,1,0,1,15,-5.77,28.021,5.0
A19_7_glutaraldehyde,A19,glutaraldehyde,37,17,15,2,0,3,17,-5.67,27.461,
A19_7_glutaraldehyde,A19,glutaraldehyde,37,17,15,2,0,3,17,-5.67,30.07,
A19_8_hexanal,A19,hexanal,35,31,3,0,0,1,31,-6.09,31.952,6.0
A19_9_2-hydroxypropionaldehyde,A19,2-hydroxypropionaldehyde,45,11,12,10,2,10,11,-5.92,4.621,
A19_9_2-hydroxypropionaldehyde,A19,2-hydroxypropionaldehyde,45,11,12,10,2,10,11,-5.92,4.826,
B1_10_4-guanidinobutyraldehyde,B1,4-guanidinobutyraldehyde,76,30,19,15,0,12,30,-5.89,,
B1_11_prop-2-enal,B1,prop-2-enal,62,32,16,10,0,4,32,-5.7,,
B1_12_prop-2-ynal,B1,prop-2-ynal,58,38,11,7,0,2,38,-5.43,,
B1_13_(2E)-but-2-enal,B1,(2E)-but-2-enal,73,39,20,9,0,5,39,-5.63,,
B1_14_trans-2-Hexenal,B1,trans-2-Hexenal,43,19,19,3,0,2,19,-6.54,,
B1_15_heptanal,B1,heptanal,67,37,14,4,7,5,37,-6.95,,7.0
B1_16_octanaldehyde,B1,octanaldehyde,92,50,21,5,9,7,50,-7.18,,8.0
B1_17_nonanal,B1,nonanal,113,50,30,25,0,8,50,-7.48,,9.0
B1_18_decanal,B1,decanal,103,62,19,5,8,9,62,-7.49,,10.0
B1_19_dodecanal,B1,dodecanal,155,94,26,11,14,10,94,-8.2,,12.0
B1_1_formaldehyde,B1,formaldehyde,9,1,5,1,0,2,1,-5.47,,1.0
B1_20_Citral,B1,Citral,127,81,27,11,3,5,81,-7.23,,
B1_22_trans-2-Octenal,B1,trans-2-Octenal,55,22,12,16,0,5,22,-5.99,,
B1_23_4-Hydroxynonenal,B1,4-Hydroxynonenal,124,66,38,12,0,8,66,-6.79,,
B1_24_Tetradecanal,B1,Tetradecanal,144,97,26,16,1,4,97,-8.3,,14.0
B1_25_hexadecanal,B1,hexadecanal,191,149,18,18,6,0,149,-8.23,,16.0
B1_26_trans-2-hexadecenal,B1,trans-2-hexadecenal,160,87,37,23,9,4,87,-7.31,,
B1_27_Benzaldehyde,B1,Benzaldehyde,83,52,17,11,0,3,52,-6.13,,
B1_28_Phenylacetaldehyde,B1,Phenylacetaldehyde,97,72,13,12,0,0,72,-6.43,,
B1_29_Salicylaldehyde,B1,Salicylaldehyde,43,15,20,2,1,5,15,-5.96,,
B1_2_acetaldehyde,B1,acetaldehyde,42,16,14,5,0,7,16,-5.78,,2.0
"B1_30_(E)-3-(3,4-Dihydroxyphenyl)prop-2-enal",B1,"(E)-3-(3,4-Dihydroxyphenyl)prop-2-enal",34,13,14,2,0,5,13,-5.68,,
"B1_31_(2E,4E,6E,8E)-3,7-dimethyl-9-(2,6,6-trimethylcyclohexen-1-yl)nona-2,4,6,8-tetraenal",B1,"(2E,4E,6E,8E)-3,7-dimethyl-9-(2,6,6-trimethylcyclohexen-1-yl)nona-2,4,6,8-tetraenal",119,89,22,6,0,2,89,-8.63,,
B1_32_9-cis-Retinal,B1,9-cis-Retinal,104,82,13,6,2,1,82,-7.09,,
B1_33_11-cis-Retinol,B1,11-cis-Retinol,172,105,41,19,6,1,105,-8.96,,
B1_34_4-hydroxy-2-nonenal,B1,4-hydroxy-2-nonenal,81,43,26,6,1,5,43,-6.15,,
B1_35_Cinnamaldehyde,B1,Cinnamaldehyde,82,48,22,11,0,1,48,-6.48,,
B1_36_3-(4-Isopropylphenyl)-2-methylpropanal,B1,3-(4-Isopropylphenyl)-2-methylpropanal,131,92,20,19,0,0,92,-8.2,,
B1_37_thiobenzaldehyde,B1,thiobenzaldehyde,85,41,18,6,16,4,41,-6.45,,
"B1_38_(2R)-2-[(2S,3R,4S)-3,4-Dihydroxy-5-oxo -tetrahydrofuran-2-yl]-2-hydroxy-acetaldehyde",B1,"(2R)-2-[(2S,3R,4S)-3,4-Dihydroxy-5-oxo -tetrahydrofuran-2-yl]-2-hydroxy-acetaldehyde",69,16,33,2,0,18,16,-5.81,,
B1_39_4-nitrobenzaldehyde,B1,4-nitrobenzaldehyde,127,41,44,17,7,18,41,-6.8,,
B1_3_propylaldehyde,B1,propylaldehyde,35,17,12,2,1,3,17,-5.81,,3.0
B1_40_Furan-2-carbaldehyde,B1,Furan-2-carbaldehyde,184,60,52,24,9,22,60,-6.93,,
B1_41_Indole-3-acetaldehyde,B1,Indole-3-acetaldehyde,91,60,19,9,2,1,60,-6.31,,
B1_42_Glutamate-5-semialdehyde,B1,Glutamate-5-semialdehyde,83,36,25,10,0,12,36,-5.54,,
B1_43_Glutamate-1-semialdehyde,B1,Glutamate-1-semialdehyde,40,8,16,6,0,10,8,-5.59,,
B1_44_glutarate semialdehyde,B1,glutarate semialdehyde,101,32,41,7,3,18,32,-6.55,,
B1_45_adipate semialdehyde,B1,adipate semialdehyde,113,38,42,6,5,22,38,-6.74,,
B1_46_Succinic semialdehyde,B1,Succinic semialdehyde,92,36,30,12,0,14,36,-6.3,,
B1_47_methylmalonate semialdehyde,B1,methylmalonate semialdehyde,37,14,15,1,1,6,14,-5.79,,
B1_48_alpha-aminoadipate semialdehyde,B1,alpha-aminoadipate semialdehyde,82,35,20,12,2,13,35,-6.08,,
B1_49_2-Aminomuconic semialdehyde,B1,2-Aminomuconic semialdehyde,89,38,20,17,0,14,38,-5.49,,
B1_4_malonaldehyde,B1,malonaldehyde,55,21,18,6,0,10,21,-5.42,,
B1_50_10-formyltetrahydrofolate,B1,10-formyltetrahydrofolate,220,94,52,49,0,25,94,-7.12,,
B1_51_6R-Tetrahydrofolic acid,B1,6R-Tetrahydrofolic acid,149,46,49,26,0,28,46,-6.64,,
B1_52_Triose phosphate,B1,Triose phosphate,89,16,49,0,0,17,16,-5.67,,
B1_53_Pyridoxal phosphate,B1,Pyridoxal phosphate,216,66,68,29,2,39,66,-6.97,,
B1_54_Methanol,B1,Methanol,16,4,4,1,2,5,4,-5.46,,
B1_55_Ethanol,B1,Ethanol,21,12,6,2,0,1,12,-5.4,,
B1_56_S-hydroxy-methylglutathione,B1,S-hydroxy-methylglutathione,70,19,18,16,4,13,19,-5.88,,
B1_57_S-3-oxopropylglutathione,B1,S-3-oxopropylglutathione,230,87,68,28,13,34,87,-7.73,,
B1_58_S-(4-oxobutan-2-yl)glutathione,B1,S-(4-oxobutan-2-yl)glutathione,151,58,44,18,7,24,58,-6.73,,
B1_59_4-Hydroxynonenal_glutathione,B1,4-Hydroxynonenal_glutathione,165,75,53,18,1,18,75,-7.52,,
B1_5_butyraldehyde,B1,butyraldehyde,35,16,13,1,0,5,16,-5.78,,4.0
B1_60_S-Formylglutathione,B1,S-Formylglutathione,128,41,37,26,1,23,41,-6.29,,
B1_6_amylaldehyde,B1,amylaldehyde,27,17,4,5,0,1,17,-5.81,,5.0
B1_7_glutaraldehyde,B1,glutaraldehyde,66,37,18,4,2,5,37,-5.92,,
B1_8_hexanal,B1,hexanal,80,41,24,9,1,5,41,-6.88,,6.0
B1_9_2-hydroxypropionaldehyde,B1,2-hydroxypropionaldehyde,69,21,30,5,0,13,21,-5.64,,
B2_10_4-guanidinobutyraldehyde,B2,4-guanidinobutyraldehyde,113,33,26,29,2,23,33,-5.11,,
B2_11_prop-2-enal,B2,prop-2-enal,21,10,8,2,0,1,10,-5.48,,
B2_12_prop-2-ynal,B2,prop-2-ynal,27,14,8,4,0,1,14,-5.65,,
B2_13_(2E)-but-2-enal,B2,(2E)-but-2-enal,33,11,14,2,0,6,11,-5.72,,
B2_14_trans-2-Hexenal,B2,trans-2-Hexenal,25,21,2,1,1,0,21,-5.96,,
B2_15_heptanal,B2,heptanal,102,52,30,8,5,7,52,-7.23,,7.0
B2_16_octanaldehyde,B2,octanaldehyde,106,58,29,8,5,6,58,-6.99,,8.0
B2_17_nonanal,B2,nonanal,118,64,36,11,3,4,64,-7.15,,9.0
B2_18_decanal,B2,decanal,111,62,29,7,5,8,62,-7.31,,10.0
B2_19_dodecanal,B2,dodecanal,123,68,36,11,3,5,68,-7.39,,12.0
B2_1_formaldehyde,B2,formaldehyde,21,5,8,4,0,4,5,-5.31,,1.0
B2_20_Citral,B2,Citral,97,71,16,4,0,6,71,-7.26,,
B2_22_trans-2-Octenal,B2,trans-2-Octenal,79,66,8,3,0,2,66,-7.09,,
B2_23_4-Hydroxynonenal,B2,4-Hydroxynonenal,87,61,17,6,0,3,61,-6.46,,
B2_24_Tetradecanal,B2,Tetradecanal,139,85,28,9,7,10,85,-8.04,,14.0
B2_25_hexadecanal,B2,hexadecanal,177,98,47,15,9,8,98,-7.14,,16.0
B2_26_trans-2-hexadecenal,B2,trans-2-hexadecenal,76,58,8,4,6,0,58,-7.1,,
B2_27_Benzaldehyde,B2,Benzaldehyde,58,38,14,4,0,2,38,-6.11,,
B2_28_Phenylacetaldehyde,B2,Phenylacetaldehyde,65,47,10,5,0,3,47,-6.18,,
B2_29_Salicylaldehyde,B2,Salicylaldehyde,62,34,14,4,3,7,34,-6.25,,
B2_2_acetaldehyde,B2,acetaldehyde,18,9,3,4,0,2,9,-5.79,,2.0
"B2_30_(E)-3-(3,4-Dihydroxyphenyl)prop-2-enal",B2,"(E)-3-(3,4-Dihydroxyphenyl)prop-2-enal",48,27,9,7,0,5,27,-6.06,,
"B2_31_(2E,4E,6E,8E)-3,7-dimethyl-9-(2,6,6-trimethylcyclohexen-1-yl)nona-2,4,6,8-tetraenal",B2,"(2E,4E,6E,8E)-3,7-dimethyl-9-(2,6,6-trimethylcyclohexen-1-yl)nona-2,4,6,8-tetraenal",132,65,45,17,0,5,65,-7.99,,
B2_32_9-cis-Retinal,B2,9-cis-Retinal,163,104,34,10,9,6,104,-10.26,,
B2_33_11-cis-Retinol,B2,11-cis-Retinol,202,125,38,22,10,7,125,-10.7,,
B2_34_4-hydroxy-2-nonenal,B2,4-hydroxy-2-nonenal,125,63,39,13,0,10,63,-5.89,,
B2_35_Cinnamaldehyde,B2,Cinnamaldehyde,65,55,2,3,5,0,55,-7.26,,
B2_36_3-(4-Isopropylphenyl)-2-methylpropanal,B2,3-(4-Isopropylphenyl)-2-methylpropanal,135,102,10,22,0,1,102,-7.8,,
B2_37_thiobenzaldehyde,B2,thiobenzaldehyde,64,43,12,4,5,0,43,-6.75,,
"B2_38_(2R)-2-[(2S,3R,4S)-3,4-Dihydroxy-5-oxo -tetrahydrofuran-2-yl]-2-hydroxy-acetaldehyde",B2,"(2R)-2-[(2S,3R,4S)-3,4-Dihydroxy-5-oxo -tetrahydrofuran-2-yl]-2-hydroxy-acetaldehyde",66,25,28,2,2,9,25,-6.09,,
B2_39_4-nitrobenzaldehyde,B2,4-nitrobenzaldehyde,56,14,25,8,0,9,14,-6.6,,
B2_3_propylaldehyde,B2,propylaldehyde,22,12,5,3,0,2,12,-5.54,,3.0
B2_40_Furan-2-carbaldehyde,B2,Furan-2-carbaldehyde,127,52,33,10,0,25,52,-6.78,,
B2_41_Indole-3-acetaldehyde,B2,Indole-3-acetaldehyde,51,30,10,7,0,4,30,-6.36,,
B2_42_Glutamate-5-semialdehyde,B2,Glutamate-5-semialdehyde,52,16,18,9,0,9,16,-5.83,,
B2_43_Glutamate-1-semialdehyde,B2,Glutamate-1-semialdehyde,78,23,19,20,0,16,23,-5.58,,
B2_44_glutarate semialdehyde,B2,glutarate semialdehyde,106,43,35,12,0,16,43,-6.29,,
B2_45_adipate semialdehyde,B2,adipate semialdehyde,111,50,40,8,0,13,50,-6.34,,
B2_46_Succinic semialdehyde,B2,Succinic semialdehyde,33,8,18,1,0,6,8,-5.71,,
B2_47_methylmalonate semialdehyde,B2,methylmalonate semialdehyde,33,14,12,1,0,6,14,-5.7,,
B2_48_alpha-aminoadipate semialdehyde,B2,alpha-aminoadipate semialdehyde,117,48,39,11,0,19,48,-5.88,,
B2_49_2-Aminomuconic semialdehyde,B2,2-Aminomuconic semialdehyde,85,18,35,17,0,15,18,-5.86,,
B2_4_malonaldehyde,B2,malonaldehyde,71,26,23,9,0,13,26,-5.63,,
B2_50_10-formyltetrahydrofolate,B2,10-formyltetrahydrofolate,272,111,78,42,1,40,111,-6.72,,
B2_51_6R-Tetrahydrofolic acid,B2,6R-Tetrahydrofolic acid,310,118,88,58,4,42,118,,,
B2_52_Triose phosphate,B2,Triose phosphate,46,3,20,0,0,16,3,-5.57,,
B2_53_Pyridoxal phosphate,B2,Pyridoxal phosphate,171,74,40,27,0,23,74,,,
B2_54_Methanol,B2,Methanol,24,8,10,2,0,4,8,-5.38,,
B2_55_Ethanol,B2,Ethanol,26,13,5,5,0,3,13,-5.78,,
B2_56_S-hydroxy-methylglutathione,B2,S-hydroxy-methylglutathione,125,47,40,17,8,13,47,-6.35,,
B2_57_S-3-oxopropylglutathione,B2,S-3-oxopropylglutathione,266,89,95,19,15,48,89,-6.72,,
B2_58_S-(4-oxobutan-2-yl)glutathione,B2,S-(4-oxobutan-2-yl)glutathione,138,52,50,12,7,17,52,-6.86,,
B2_59_4-Hydroxynonenal_glutathione,B2,4-Hydroxynonenal_glutathione,128,51,39,16,3,19,51,-7.77,,
B2_5_butyraldehyde,B2,butyraldehyde,33,13,12,4,0,4,13,-5.74,,4.0
B2_60_S-Formylglutathione,B2,S-Formylglutathione,136,44,46,20,0,26,44,-5.79,,
B2_6_amylaldehyde,B2,amylaldehyde,79,55,13,10,0,1,55,-6.42,,5.0
B2_7_glutaraldehyde,B2,glutaraldehyde,35,13,15,1,0,6,13,-5.78,,
B2_8_hexanal,B2,hexanal,42,20,8,12,0,2,20,-6.56,,6.0
B2_9_2-hydroxypropionaldehyde,B2,2-hydroxypropionaldehyde,49,16,22,4,0,7,16,-5.65,,
